Director_1,Coky,Giedroyc
Director_2,Lasse,Åberg
Director_3,Francis,Veber
Director_4,,
Director_5,,
Director_6,,
Director_7,,
Director_8,Matt,Chow
Director_9,Simon,Sek
Director_10,,
Director_11,,
Director_12,Jeff,Deverett
Director_13,Barbara,Bredero
Director_14,Pim,van
Director_15,Charles,E.Bastien
Director_16,,
Director_17,Lucas,Margutti
Director_18,Sean,Olson
Director_19,Moze,Mossanen
Director_20,Robert,Sedlácek
Director_21,Diane,Kurys
Director_22,Theo,Davies
Director_23,Tanawat,Aiemjinda
Director_24,Raj,Rachakonda
Director_25,Wagner,de 
Director_26,,
Director_27,,
Director_28,Cole,Mueller
Director_29,,
Director_30,,
Director_31,Gerardo,Herrero
Director_32,,
Director_33,,
Director_34,Zdenek,Viktora
Director_35,Sabina,Guzzanti
Director_36,Harry,Harris
Director_37,,
Director_38,Don,Omope
Director_39,,
Director_40,Tom,Delmar
Director_41,Jop,de
Director_42,,
Director_43,Beom-sik,Jeong
Director_44,Hideo,Nakata
Director_45,Hideo,Nakata
Director_46,Hideo,Nakata
Director_47,Hideo,Nakata
Director_48,Hideo,Nakata
Director_49,Hideo,Nakata
Director_50,Hideo,Nakata
Director_51,Hideo,Nakata
Director_52,,
Director_53,,
Director_54,,
Director_55,,
Director_56,,
Director_57,,
Director_58,,
Director_59,Nikolay,Kudryashov
Director_60,Shubham,Singh
Director_61,Shaun,Paul
Director_62,Alex,Ranarivelo
Director_63,,
Director_64,Kevin,Dunn
Director_65,,
Director_66,,
Director_67,,
Director_68,Arne,Mattsson
Director_69,Toby,Tobias
Director_70,David,Jarab
Director_71,Andy,Tohill
Director_72,,
Director_73,Jason,Murphy
Director_74,Oleg,Assadulin
Director_75,James,Krisel
Director_76,Janet,Meyers
Director_77,,
Director_78,Víctor,Cárdenas
Director_79,Kazuo,Ikehiro
Director_80,André,Hugon
Director_81,Kunle,Afolayan
Director_82,,
Director_83,Naoto,Kumazawa
Director_84,,
Director_85,Hunter,Lee
Director_86,,
Director_87,,
Director_88,Teruo,Noguchi
Director_89,,
Director_90,Rosie,Lourde
Director_91,Justin,G
Director_92,Justin,G
Director_93,Christopher,Nolen
Director_94,Fred,Olen
Director_95,,
Director_96,,
Director_97,Alf,Sjöberg
Director_98,Hans,Alfredson
Director_99,Göran,Carmback
Director_100,Mikio,Naruse
Director_101,Mikio,Naruse
Director_102,Mikio,Naruse
Director_103,Mikio,Naruse
